<?xml version='1.0' encoding='UTF-8' standalone='yes' ?>
<Ricetta descrizione="" numero="1" pcx="0.1" pcy="0.1" UdfVelLavRPM="4000" UdfPuntiVelIni="0.004" UdfVelIniRPM="300" UdfPuntiVelRall="0.003" UdfVelRallRPM="300" Udf_FeedG0="80000" Udf_ValTensioneT1="13" Udf_20="0" Udf_ValElettrocalamitaSopra="56" Udf_ValElettrocalamitaSotto="50" Udf_VelocitaCaricLavoro="80000" Udf_24="0" Udf_25="0" Udf_26="0" Udf_27="0" Udf_28="0" Udf_29="0" Udf_30="0" Udf_SequenzaPiegatore_chiusura="1230" Udf_SequenzaPiegatore_apetura="321">
  <Feed x-start="0.1" y-start="0.1" x-end="85.0" y-end="2.3" entity="49a4ccdc-9780-4ed5-be8e-e7d97cc6fc41" bt1-steps="0" bt1-passes="0" bt2-steps="0" bt2-passes="0">
    <Step x="85.0" y="2.3" bt="0" />
  </Feed>
  <Line x-start="85.0" y-start="2.3" x-end="100.0" y-end="2.3" entity="4602c277-96f4-4d55-a367-3656c92b2057" bt1-steps="0" bt1-passes="0" bt2-steps="0" bt2-passes="0" passo="3.0">
    <Step x="85.0" y="2.3" bt="0" />
    <Step x="88.0" y="2.3" bt="0" />
    <Step x="91.0" y="2.3" bt="0" />
    <Step x="94.0" y="2.3" bt="0" />
    <Step x="97.0" y="2.3" bt="0" />
    <Step x="100.0" y="2.3" bt="0" />
  </Line>
  <Line x-start="100.0" y-start="2.3" x-end="85.0" y-end="2.3" entity="6c5d0aa9-622a-40ae-9b0a-4d0ea4f658fe" bt1-steps="0" bt1-passes="0" bt2-steps="0" bt2-passes="0" passo="3.0">
    <Step x="100.0" y="2.3" bt="0" />
    <Step x="97.0" y="2.3" bt="0" />
    <Step x="94.0" y="2.3" bt="0" />
    <Step x="91.0" y="2.3" bt="0" />
    <Step x="88.0" y="2.3" bt="0" />
    <Step x="85.0" y="2.3" bt="0" />
  </Line>
  <Line x-start="85.0" y-start="2.3" x-end="101.807205" y-end="125.216125" entity="7d259420-92c6-49c9-82a0-f68966a53e2e" bt1-steps="0" bt1-passes="0" bt2-steps="0" bt2-passes="0" passo="3.3">
    <Step x="85.0" y="2.3" bt="0" />
    <Step x="85.44229" y="5.5346346" bt="0" />
    <Step x="85.88459" y="8.769269" bt="0" />
    <Step x="86.32688" y="12.003903" bt="0" />
    <Step x="86.76918" y="15.238539" bt="0" />
    <Step x="87.21147" y="18.473173" bt="0" />
    <Step x="87.65377" y="21.707806" bt="0" />
    <Step x="88.09606" y="24.94244" bt="0" />
    <Step x="88.53836" y="28.177076" bt="0" />
    <Step x="88.98065" y="31.411713" bt="0" />
    <Step x="89.42295" y="34.646347" bt="0" />
    <Step x="89.86524" y="37.88098" bt="0" />
    <Step x="90.30754" y="41.115612" bt="0" />
    <Step x="90.74983" y="44.350254" bt="0" />
    <Step x="91.19213" y="47.58488" bt="0" />
    <Step x="91.63442" y="50.819523" bt="0" />
    <Step x="92.07672" y="54.054153" bt="0" />
    <Step x="92.51901" y="57.288788" bt="0" />
    <Step x="92.96131" y="60.523426" bt="0" />
    <Step x="93.4036" y="63.758057" bt="0" />
    <Step x="93.8459" y="66.9927" bt="0" />
    <Step x="94.28819" y="70.22733" bt="0" />
    <Step x="94.730484" y="73.46197" bt="0" />
    <Step x="95.17278" y="76.6966" bt="0" />
    <Step x="95.615074" y="79.93123" bt="0" />
    <Step x="96.05737" y="83.16587" bt="0" />
    <Step x="96.499664" y="86.40051" bt="0" />
    <Step x="96.94196" y="89.63514" bt="0" />
    <Step x="97.384254" y="92.86977" bt="0" />
    <Step x="97.82655" y="96.10441" bt="0" />
    <Step x="98.268845" y="99.33905" bt="0" />
    <Step x="98.71114" y="102.57368" bt="0" />
    <Step x="99.153435" y="105.80831" bt="0" />
    <Step x="99.59573" y="109.042946" bt="0" />
    <Step x="100.038025" y="112.27758" bt="0" />
    <Step x="100.48032" y="115.51222" bt="0" />
    <Step x="100.922615" y="118.74686" bt="0" />
    <Step x="101.364914" y="121.98149" bt="0" />
    <Step x="101.807205" y="125.21612" bt="0" />
  </Line>
  <Line x-start="101.807205" y-start="125.216125" x-end="163.00002" y-end="141.72847" entity="9b6db762-85e5-443e-9acd-2b352e4f3c27" bt1-steps="0" bt1-passes="0" bt2-steps="0" bt2-passes="0" passo="3.3">
    <Step x="101.807205" y="125.216125" bt="0" />
    <Step x="105.02788" y="126.0852" bt="0" />
    <Step x="108.24855" y="126.95427" bt="0" />
    <Step x="111.46923" y="127.82333" bt="0" />
    <Step x="114.6899" y="128.69241" bt="0" />
    <Step x="117.910576" y="129.56148" bt="0" />
    <Step x="121.13125" y="130.43054" bt="0" />
    <Step x="124.35193" y="131.29962" bt="0" />
    <Step x="127.5726" y="132.16869" bt="0" />
    <Step x="130.79327" y="133.03777" bt="0" />
    <Step x="134.01395" y="133.90683" bt="0" />
    <Step x="137.23462" y="134.77591" bt="0" />
    <Step x="140.45529" y="135.64497" bt="0" />
    <Step x="143.67596" y="136.51404" bt="0" />
    <Step x="146.89665" y="137.38312" bt="0" />
    <Step x="150.11731" y="138.25218" bt="0" />
    <Step x="153.338" y="139.12126" bt="0" />
    <Step x="156.55865" y="139.99033" bt="0" />
    <Step x="159.77934" y="140.8594" bt="0" />
    <Step x="163.00002" y="141.72847" bt="0" />
  </Line>
  <Line x-start="163.00002" y-start="141.72847" x-end="224.1928" y-end="125.216125" entity="9e74c46c-15dd-4f8a-91ec-eb17a0c61709" bt1-steps="0" bt1-passes="0" bt2-steps="0" bt2-passes="0" passo="3.3">
    <Step x="163.00002" y="141.72847" bt="0" />
    <Step x="166.22069" y="140.8594" bt="0" />
    <Step x="169.44136" y="139.99033" bt="0" />
    <Step x="172.66203" y="139.12126" bt="0" />
    <Step x="175.8827" y="138.25218" bt="0" />
    <Step x="179.10338" y="137.38312" bt="0" />
    <Step x="182.32405" y="136.51404" bt="0" />
    <Step x="185.54472" y="135.64497" bt="0" />
    <Step x="188.7654" y="134.77591" bt="0" />
    <Step x="191.98607" y="133.90683" bt="0" />
    <Step x="195.20674" y="133.03777" bt="0" />
    <Step x="198.42741" y="132.16869" bt="0" />
    <Step x="201.64809" y="131.29962" bt="0" />
    <Step x="204.86876" y="130.43054" bt="0" />
    <Step x="208.08943" y="129.56148" bt="0" />
    <Step x="211.3101" y="128.69241" bt="0" />
    <Step x="214.53078" y="127.82333" bt="0" />
    <Step x="217.75145" y="126.95427" bt="0" />
    <Step x="220.97212" y="126.0852" bt="0" />
    <Step x="224.1928" y="125.216125" bt="0" />
  </Line>
  <Line x-start="224.1928" y-start="125.216125" x-end="241.0" y-end="2.3" entity="669c5ec7-fb80-44fa-84d3-5ae2329a64f6" bt1-steps="0" bt1-passes="0" bt2-steps="0" bt2-passes="0" passo="3.3">
    <Step x="224.1928" y="125.216125" bt="0" />
    <Step x="224.63509" y="121.98149" bt="0" />
    <Step x="225.07738" y="118.74686" bt="0" />
    <Step x="225.51968" y="115.51222" bt="0" />
    <Step x="225.96198" y="112.27759" bt="0" />
    <Step x="226.40427" y="109.04295" bt="0" />
    <Step x="226.84656" y="105.80832" bt="0" />
    <Step x="227.28886" y="102.573685" bt="0" />
    <Step x="227.73116" y="99.33905" bt="0" />
    <Step x="228.17345" y="96.104416" bt="0" />
    <Step x="228.61574" y="92.86978" bt="0" />
    <Step x="229.05804" y="89.63515" bt="0" />
    <Step x="229.50034" y="86.40051" bt="0" />
    <Step x="229.94263" y="83.16587" bt="0" />
    <Step x="230.38492" y="79.931244" bt="0" />
    <Step x="230.82722" y="76.6966" bt="0" />
    <Step x="231.26952" y="73.461975" bt="0" />
    <Step x="231.7118" y="70.22734" bt="0" />
    <Step x="232.1541" y="66.9927" bt="0" />
    <Step x="232.59639" y="63.758068" bt="0" />
    <Step x="233.0387" y="60.52343" bt="0" />
    <Step x="233.48099" y="57.288795" bt="0" />
    <Step x="233.92328" y="54.05416" bt="0" />
    <Step x="234.36557" y="50.819527" bt="0" />
    <Step x="234.80788" y="47.5849" bt="0" />
    <Step x="235.25017" y="44.350258" bt="0" />
    <Step x="235.69246" y="41.115616" bt="0" />
    <Step x="236.13475" y="37.88099" bt="0" />
    <Step x="236.57706" y="34.646362" bt="0" />
    <Step x="237.01935" y="31.41172" bt="0" />
    <Step x="237.46164" y="28.177078" bt="0" />
    <Step x="237.90393" y="24.942451" bt="0" />
    <Step x="238.34622" y="21.707817" bt="0" />
    <Step x="238.78853" y="18.473183" bt="0" />
    <Step x="239.23082" y="15.238548" bt="0" />
    <Step x="239.67311" y="12.003906" bt="0" />
    <Step x="240.11542" y="8.769272" bt="0" />
    <Step x="240.55771" y="5.5346375" bt="0" />
    <Step x="241.0" y="2.3000107" bt="0" />
  </Line>
  <ZigZag x-start="241.0" y-start="2.3" x-end="226.0" y-end="2.3" entity="3b6424b5-0873-4bfc-b181-10d247b956bc" bt1-steps="0" bt1-passes="0" bt2-steps="0" bt2-passes="0" altezza="3.0" passo="1.0">
    <Step x="241.0" y="2.3" bt="0" />
    <Step x="240.5" y="0.8" bt="0" />
    <Step x="240.0" y="3.8" bt="0" />
    <Step x="239.5" y="0.8" bt="0" />
    <Step x="239.0" y="3.8" bt="0" />
    <Step x="238.5" y="0.8" bt="0" />
    <Step x="238.0" y="3.8" bt="0" />
    <Step x="237.5" y="0.8" bt="0" />
    <Step x="237.0" y="3.8" bt="0" />
    <Step x="236.5" y="0.8" bt="0" />
    <Step x="236.0" y="3.8" bt="0" />
    <Step x="235.5" y="0.8" bt="0" />
    <Step x="235.0" y="3.8" bt="0" />
    <Step x="234.5" y="0.8" bt="0" />
    <Step x="234.0" y="3.8" bt="0" />
    <Step x="233.5" y="0.8" bt="0" />
    <Step x="233.0" y="3.8" bt="0" />
    <Step x="232.5" y="0.8" bt="0" />
    <Step x="232.0" y="3.8" bt="0" />
    <Step x="231.5" y="0.8" bt="0" />
    <Step x="231.0" y="3.8" bt="0" />
    <Step x="230.5" y="0.8" bt="0" />
    <Step x="230.0" y="3.8" bt="0" />
    <Step x="229.5" y="0.8" bt="0" />
    <Step x="229.0" y="3.8" bt="0" />
    <Step x="228.5" y="0.8" bt="0" />
    <Step x="228.0" y="3.8" bt="0" />
    <Step x="227.5" y="0.8" bt="0" />
    <Step x="227.0" y="3.8" bt="0" />
    <Step x="226.5" y="0.8" bt="0" />
    <Step x="226.0" y="3.8" bt="0" />
    <Step x="226.0" y="2.3" bt="0" />
  </ZigZag>
  <Line x-start="226.0" y-start="2.3" x-end="218.40974" y-end="120.14773" entity="2a06fe7a-eb69-4703-bc5f-dabf99f4fa2d" bt1-steps="0" bt1-passes="0" bt2-steps="0" bt2-passes="0" passo="3.3">
    <Step x="226.0" y="2.3" bt="0" />
    <Step x="225.78915" y="5.573548" bt="0" />
    <Step x="225.57832" y="8.8470955" bt="0" />
    <Step x="225.36748" y="12.120644" bt="0" />
    <Step x="225.15663" y="15.394192" bt="0" />
    <Step x="224.9458" y="18.667738" bt="0" />
    <Step x="224.73495" y="21.941286" bt="0" />
    <Step x="224.52412" y="25.214834" bt="0" />
    <Step x="224.31328" y="28.488382" bt="0" />
    <Step x="224.10243" y="31.761929" bt="0" />
    <Step x="223.8916" y="35.035477" bt="0" />
    <Step x="223.68076" y="38.309025" bt="0" />
    <Step x="223.46991" y="41.582573" bt="0" />
    <Step x="223.25908" y="44.85612" bt="0" />
    <Step x="223.04823" y="48.12967" bt="0" />
    <Step x="222.83739" y="51.403217" bt="0" />
    <Step x="222.62656" y="54.676765" bt="0" />
    <Step x="222.41571" y="57.950314" bt="0" />
    <Step x="222.20488" y="61.223858" bt="0" />
    <Step x="221.99403" y="64.49741" bt="0" />
    <Step x="221.78319" y="67.77096" bt="0" />
    <Step x="221.57236" y="71.04452" bt="0" />
    <Step x="221.36151" y="74.318054" bt="0" />
    <Step x="221.15067" y="77.5916" bt="0" />
    <Step x="220.93983" y="80.86515" bt="0" />
    <Step x="220.72899" y="84.1387" bt="0" />
    <Step x="220.51814" y="87.41225" bt="0" />
    <Step x="220.30731" y="90.68579" bt="0" />
    <Step x="220.09647" y="93.95934" bt="0" />
    <Step x="219.88562" y="97.232895" bt="0" />
    <Step x="219.67479" y="100.50644" bt="0" />
    <Step x="219.46394" y="103.77998" bt="0" />
    <Step x="219.25311" y="107.053535" bt="0" />
    <Step x="219.04227" y="110.32709" bt="0" />
    <Step x="218.83142" y="113.60063" bt="0" />
    <Step x="218.62059" y="116.87417" bt="0" />
    <Step x="218.40974" y="120.14772" bt="0" />
  </Line>
  <Line x-start="218.40974" y-start="120.14773" x-end="163.00002" y-end="135.09956" entity="8fc641e4-0c78-4cd5-8604-2fcd17739d14" bt1-steps="0" bt1-passes="0" bt2-steps="0" bt2-passes="0" passo="3.3">
    <Step x="218.40974" y="120.14773" bt="0" />
    <Step x="215.15034" y="121.027245" bt="0" />
    <Step x="211.89095" y="121.90677" bt="0" />
    <Step x="208.63156" y="122.786285" bt="0" />
    <Step x="205.37216" y="123.66581" bt="0" />
    <Step x="202.11276" y="124.54533" bt="0" />
    <Step x="198.85336" y="125.42485" bt="0" />
    <Step x="195.59398" y="126.30437" bt="0" />
    <Step x="192.33458" y="127.18388" bt="0" />
    <Step x="189.07518" y="128.0634" bt="0" />
    <Step x="185.81578" y="128.94293" bt="0" />
    <Step x="182.5564" y="129.82245" bt="0" />
    <Step x="179.297" y="130.70197" bt="0" />
    <Step x="176.0376" y="131.58148" bt="0" />
    <Step x="172.7782" y="132.461" bt="0" />
    <Step x="169.5188" y="133.34053" bt="0" />
    <Step x="166.25941" y="134.22005" bt="0" />
    <Step x="163.00002" y="135.09956" bt="0" />
  </Line>
  <Line x-start="163.00002" y-start="135.09956" x-end="107.59025" y-end="120.14773" entity="79c13c2d-5405-45c6-862a-604cc537114e" bt1-steps="0" bt1-passes="0" bt2-steps="0" bt2-passes="0" passo="3.3">
    <Step x="163.00002" y="135.09956" bt="0" />
    <Step x="159.74062" y="134.22005" bt="0" />
    <Step x="156.48122" y="133.34053" bt="0" />
    <Step x="153.22182" y="132.461" bt="0" />
    <Step x="149.96242" y="131.58148" bt="0" />
    <Step x="146.70302" y="130.70197" bt="0" />
    <Step x="143.44363" y="129.82245" bt="0" />
    <Step x="140.18423" y="128.94293" bt="0" />
    <Step x="136.92484" y="128.0634" bt="0" />
    <Step x="133.66544" y="127.18388" bt="0" />
    <Step x="130.40604" y="126.30437" bt="0" />
    <Step x="127.14664" y="125.42484" bt="0" />
    <Step x="123.88724" y="124.54533" bt="0" />
    <Step x="120.62784" y="123.66581" bt="0" />
    <Step x="117.36844" y="122.786285" bt="0" />
    <Step x="114.10904" y="121.90677" bt="0" />
    <Step x="110.84964" y="121.027245" bt="0" />
    <Step x="107.590256" y="120.14773" bt="0" />
  </Line>
  <Line x-start="107.59025" y-start="120.14773" x-end="100.0" y-end="2.3" entity="051652be-9ed1-4b40-bed8-90e32c386313" bt1-steps="0" bt1-passes="0" bt2-steps="0" bt2-passes="0" passo="3.3">
    <Step x="107.59025" y="120.14773" bt="0" />
    <Step x="107.37941" y="116.87418" bt="0" />
    <Step x="107.168564" y="113.60063" bt="0" />
    <Step x="106.957726" y="110.32709" bt="0" />
    <Step x="106.74689" y="107.053535" bt="0" />
    <Step x="106.53605" y="103.77999" bt="0" />
    <Step x="106.32521" y="100.50644" bt="0" />
    <Step x="106.114365" y="97.232895" bt="0" />
    <Step x="105.90353" y="93.95934" bt="0" />
    <Step x="105.69269" y="90.6858" bt="0" />
    <Step x="105.48185" y="87.41225" bt="0" />
    <Step x="105.271" y="84.1387" bt="0" />
    <Step x="105.060165" y="80.86516" bt="0" />
    <Step x="104.84933" y="77.591606" bt="0" />
    <Step x="104.63849" y="74.318054" bt="0" />
    <Step x="104.42764" y="71.04451" bt="0" />
    <Step x="104.216805" y="67.770966" bt="0" />
    <Step x="104.00597" y="64.49741" bt="0" />
    <Step x="103.79513" y="61.22387" bt="0" />
    <Step x="103.58428" y="57.950317" bt="0" />
    <Step x="103.37344" y="54.676773" bt="0" />
    <Step x="103.162605" y="51.403214" bt="0" />
    <Step x="102.95177" y="48.129677" bt="0" />
    <Step x="102.74092" y="44.856133" bt="0" />
    <Step x="102.53008" y="41.58258" bt="0" />
    <Step x="102.319244" y="38.30903" bt="0" />
    <Step x="102.1084" y="35.035484" bt="0" />
    <Step x="101.89756" y="31.76194" bt="0" />
    <Step x="101.68672" y="28.488388" bt="0" />
    <Step x="101.47588" y="25.214836" bt="0" />
    <Step x="101.265045" y="21.941292" bt="0" />
    <Step x="101.0542" y="18.667747" bt="0" />
    <Step x="100.84336" y="15.394196" bt="0" />
    <Step x="100.63252" y="12.120644" bt="0" />
    <Step x="100.42168" y="8.847099" bt="0" />
    <Step x="100.21084" y="5.5735626" bt="0" />
    <Step x="100.0" y="2.3000107" bt="0" />
  </Line>
  <ZigZag x-start="100.0" y-start="2.3" x-end="85.0" y-end="2.3" entity="c8f4ff9f-2800-4f88-8e24-4fef71d2de59" bt1-steps="0" bt1-passes="0" bt2-steps="0" bt2-passes="0" altezza="3.0" passo="1.0">
    <Step x="100.0" y="2.3" bt="0" />
    <Step x="99.5" y="0.8" bt="0" />
    <Step x="99.0" y="3.8" bt="0" />
    <Step x="98.5" y="0.8" bt="0" />
    <Step x="98.0" y="3.8" bt="0" />
    <Step x="97.5" y="0.8" bt="0" />
    <Step x="97.0" y="3.8" bt="0" />
    <Step x="96.5" y="0.8" bt="0" />
    <Step x="96.0" y="3.8" bt="0" />
    <Step x="95.5" y="0.8" bt="0" />
    <Step x="95.0" y="3.8" bt="0" />
    <Step x="94.5" y="0.8" bt="0" />
    <Step x="94.0" y="3.8" bt="0" />
    <Step x="93.5" y="0.8" bt="0" />
    <Step x="93.0" y="3.8" bt="0" />
    <Step x="92.5" y="0.8" bt="0" />
    <Step x="92.0" y="3.8" bt="0" />
    <Step x="91.5" y="0.8" bt="0" />
    <Step x="91.0" y="3.8" bt="0" />
    <Step x="90.5" y="0.8" bt="0" />
    <Step x="90.0" y="3.8" bt="0" />
    <Step x="89.5" y="0.8" bt="0" />
    <Step x="89.0" y="3.8" bt="0" />
    <Step x="88.5" y="0.8" bt="0" />
    <Step x="88.0" y="3.8" bt="0" />
    <Step x="87.5" y="0.8" bt="0" />
    <Step x="87.0" y="3.8" bt="0" />
    <Step x="86.5" y="0.8" bt="0" />
    <Step x="86.0" y="3.8" bt="0" />
    <Step x="85.5" y="0.8" bt="0" />
    <Step x="85.0" y="3.8" bt="0" />
    <Step x="85.0" y="2.3" bt="0" />
  </ZigZag>
  <ZigZag x-start="85.0" y-start="2.3" x-end="86.5" y-end="2.3" entity="49aec713-6922-48ab-8454-df887bed07e6" bt1-steps="0" bt1-passes="0" bt2-steps="0" bt2-passes="0" altezza="3.0" passo="1.0">
    <Step x="85.0" y="2.3" bt="0" />
    <Step x="85.5" y="0.799998" bt="0" />
    <Step x="86.0" y="3.799998" bt="0" />
    <Step x="86.5" y="0.799998" bt="0" />
    <Step x="86.5" y="2.3" bt="0" />
  </ZigZag>
  <Code code-type="OP2" code-value="VALUE1" elementIndex="6" stepIndex="36" />
  <Code code-type="OP1" code-value="VALUE1" elementIndex="7" stepIndex="0" />
  <Code code-type="OP2" code-value="VALUE0" elementIndex="7" stepIndex="2" />
  <Code code-type="SPEED1" code-value="VALUE1" elementIndex="1" stepIndex="1" />
  <Code code-type="OP3" code-value="VALUE1" elementIndex="1" stepIndex="1" />
  <Code code-type="SPEED0" code-value="VALUE0" elementIndex="3" stepIndex="4" />
  <Code code-type="OP3" code-value="VALUE0" elementIndex="3" stepIndex="4" />
  <Code code-type="SPEED1" code-value="VALUE1" elementIndex="6" stepIndex="34" />
  <Code code-type="OP3" code-value="VALUE1" elementIndex="6" stepIndex="34" />
  <Code code-type="SPEED0" code-value="VALUE0" elementIndex="8" stepIndex="4" />
  <Code code-type="OP3" code-value="VALUE0" elementIndex="8" stepIndex="4" />
  <Code code-type="SPEED1" code-value="VALUE1" elementIndex="11" stepIndex="32" />
  <Code code-type="OP3" code-value="VALUE1" elementIndex="11" stepIndex="32" />
</Ricetta>